{
  "export_version": "0.060",
  "framed_nodes": {},
  "groups": {},
  "nodes": {
    "Quadrics": {
      "bl_idname": "sverchoknodequadrics",
      "color": [
        0.6079999804496765,
        0.6079999804496765,
        0.6079999804496765
      ],
      "height": 100.0,
      "hide": false,
      "label": "",
      "location": [
        104.496826171875,
        112.35086822509766
      ],
      "params": {
        "Div": 5,
        "Patch": 4.240001678466797,
        "SgnA2": 1.0,
        "SgnB2": 2.0
      },
      "width": 140.0
    },
    "Viewer Draw2": {
      "bl_idname": "ViewerNode2",
      "color": [
        1.0,
        0.30000001192092896,
        0.0
      ],
      "height": 100.0,
      "hide": false,
      "label": "",
      "location": [
        290.99090576171875,
        105.10405731201172
      ],
      "params": {
        "activate": 1
      },
      "width": 140.0
    }
  },
  "update_lists": [
    [
      "Quadrics",
      "Vertices",
      "Viewer Draw2",
      "vertices"
    ],
    [
      "Quadrics",
      "Polygons",
      "Viewer Draw2",
      "edg_pol"
    ]
  ]
}